MAE_SIS,MAE_OHS,MAE_OKS,RMSE_SIS,RMSE_OHS,RMSE_OKS,R2_SIS,R2_OHS,R2_OKS
2.0239453,1.2763274,5.930572,2.3764215,1.3427325,6.6956325,-2.6410725,-0.16241562,-0.02651596
3.8865502,1.8497524,20.69599,4.6784673,2.1726458,20.822393,-2.2698617,-0.19226325,-81.34511
3.5422392,5.679109,26.459482,3.732559,5.7843866,26.485811,-25.25645,0.0,0.0
2.6807578,15.829296,9.0857315,2.769686,15.880583,9.534381,-36.588646,-146.11252,-10.480203
5.7672668,15.414636,18.865906,6.77126,16.42387,19.369223,-186.22058,-13.212288,-90.005844
1.3406063,13.178383,3.973586,1.6411816,13.82889,5.5697503,-0.6095172,-9.896134,-1.0321987
2.6578488,10.207864,7.357915,3.4902184,10.561704,7.587863,-0.613243,-17.591599,-69.53018
6.881004,8.140163,10.928762,7.5106244,8.641209,11.159749,-5.225367,-7.8807106,-23.409834
1.5914053,3.481366,2.2327852,1.9849832,3.9745028,2.732323,-0.084650636,-4.0923486,-3.3549266
1.2816179,9.424285,3.8739338,1.6107928,11.054229,5.3456707,-0.8696767,-2.659906,-1.0961578
5.698523,26.211597,26.051989,6.012207,26.318819,26.38282,-8.839921,-121.97588,-39.12545
6.112856,7.09038,6.8114047,6.6843657,7.8857946,7.596013,-217.93556,-0.39647257,-1.0398784
5.5142403,7.9518466,6.771449,5.881815,8.2537,7.5967684,-10.301263,-12.246251,-3.620645
13.487484,11.731605,6.0490074,13.523754,12.3766575,6.212122,-185.70212,-8.850263,-18.295229
5.1237006,1.7388657,9.203206,5.802522,2.202955,9.314867,-3.4589047,-1.8999696,-42.383377
5.906333,2.9286308,4.640577,7.268914,4.336316,6.172589,-11.81693,-2.937517,-3.531414
7.536761,3.6586955,5.677259,7.923016,4.4212894,6.457969,-21.617165,-6.0429564,-0.2222271
6.2506466,0.68950045,6.306098,6.3741055,0.95012504,6.6581016,-27.440456,-0.7013128,-9.34374
